cid,date,time,vmlinux,GZIP-bzImage,GZIP-vmlinux,GZIP,BZIP2-bzImage,BZIP2-vmlinux,BZIP2,LZMA-bzImage,LZMA-vmlinux,LZMA,XZ-bzImage,XZ-vmlinux,XZ,LZO-bzImage,LZO-vmlinux,LZO,LZ4-bzImage,LZ4-vmlinux,LZ4,basic-cid,basic-date,basic-time,basic-vmlinux,basic-GZIP-bzImage,basic-GZIP-vmlinux,basic-GZIP,basic-BZIP2-bzImage,basic-BZIP2-vmlinux,basic-BZIP2,basic-LZMA-bzImage,basic-LZMA-vmlinux,basic-LZMA,basic-XZ-bzImage,basic-XZ-vmlinux,basic-XZ,basic-LZO-bzImage,basic-LZO-vmlinux,basic-LZO,basic-LZ4-bzImage,basic-LZ4-vmlinux,basic-LZ
70410,2018-06-29 15:41:50,275.978,226908992,10052560,12137936,9904088,13624272,15709096,9358055,8123344,10208208,7984575,6292432,8377720,6145976,10978256,13063032,10844628,11690960,13776048,11542824,70411,2018-06-29 15:52:03,280.648,226911392,10056656,12142032,9910207,13624272,15709096,9359165,8127440,10212304,7989258,6296528,8381816,6149700,10986448,13071224,10850098,11695056,13780144,11548341
70413,2018-06-29 16:06:28,210.388,15593640,3908560,5993592,3763176,7926736,10011216,3664789,3224528,5309040,3087533,3085264,5170208,2941016,4256720,6341144,4123511,4518864,6603608,4372326,70414,2018-06-29 16:13:44,208.869,15593640,3908560,5993592,3763184,7926736,10011216,3664718,3224528,5309040,3088302,3085264,5170208,2940840,4256720,6341144,4123509,4518864,6603608,4372324
70416,2018-06-29 16:30:26,203.171,16505208,4177872,6264272,4032728,8196048,10281896,3932764,3432400,5518288,3294902,3256272,5342584,3110448,4595664,6681464,4459445,4923344,7009456,4777687,70417,2018-06-29 16:38:42,229.057,16505208,4177872,6264272,4032715,8196048,10281896,3932690,3432400,5518288,3296062,3252176,5338488,3108596,4595664,6681464,4459443,4923344,7009456,4777685
70419,2018-06-29 17:01:37,466.0,69451736,12981296,15069784,12761005,17118256,19206192,12781751,10421296,12509264,10210357,8483888,10572288,8266572,14668848,16756728,14463137,15946800,18035000,15726286,70420,2018-06-29 17:13:36,463.186,69451736,12981296,15069784,12760996,17118256,19206192,12781741,10429488,12517456,10218627,8483888,10572288,8267420,14668848,16756728,14463136,15946800,18035000,15726286
70422,2018-06-29 17:36:39,454.592,27139120,6387152,8472016,6239439,10319312,12403624,6052199,5207504,7291856,5068215,4892112,6976888,4745656,7022032,9106296,6886802,7476688,9561264,7328265,70423,2018-06-29 17:48:37,454.118,27139048,6387152,8472016,6237265,10319312,12403624,6052899,5207504,7291856,5067862,4892112,6976888,4744884,7022032,9106296,6886178,7476688,9561264,7328085
70425,2018-06-29 18:09:57,254.769,39091656,11298256,13383120,11149436,14661072,16745384,10396122,9090512,11174864,8951630,7837136,9921912,7689844,12334544,14418808,12200399,13149648,15234224,12999993,70426,2018-06-29 18:18:35,251.173,39091656,11298256,13383120,11149436,14661072,16745384,10396166,9094608,11178960,8957982,7833040,9917816,7685140,12334544,14418808,12200397,13149648,15234224,12999993
70428,2018-06-29 18:42:15,454.373,87369232,13755344,15842000,13545836,17765328,19851432,13438432,10953680,13039824,10753171,10392528,12479096,10184240,15483856,17569912,15287517,16708560,18794928,16498327,70429,2018-06-29 18:54:17,450.781,87369232,13755344,15842000,13545834,17765328,19851432,13438430,10953680,13039824,10753365,10392528,12479096,10184348,15483856,17569912,15287516,16708560,18794928,16498327
70431,2018-06-29 19:14:47,491.165,30980520,8863696,10949752,8720787,12541904,14627408,8280473,7159760,9245296,7024259,6721488,8807456,6577908,9699280,11784728,9565342,10301392,12387160,10158350,70432,2018-06-29 19:27:26,496.485,30980520,8863696,10949752,8720506,12541904,14627408,8281363,7155664,9241200,7023546,6721488,8807456,6578164,9699280,11784728,9565192,10301392,12387160,10158162
70434,2018-06-29 19:47:12,280.31,22957232,4104656,6191824,3894785,8274384,10361000,3944189,3359184,5445840,3160162,3219920,5307000,3008900,4620752,6707320,4421051,4977104,7063984,4766128,70435,2018-06-29 19:55:27,285.363,22957232,4104656,6191824,3894787,8274384,10361000,3944073,3359184,5445840,3160186,3215824,5302904,3006796,4620752,6707320,4421050,4977104,7063984,4766124
70437,2018-06-29 20:13:25,325.557,24211672,4489168,6575224,4344296,8531920,10617424,4269601,3661776,5747312,3526408,3440592,5526560,3295264,4964304,7049752,4833373,5312464,7398232,5167517,70438,2018-06-29 20:22:35,326.339,24211672,4489168,6575224,4344294,8531920,10617424,4269517,3661776,5747312,3526556,3440592,5526560,3295708,4964304,7049752,4833375,5312464,7398232,5167517
70440,2018-06-29 20:42:10,257.544,224142832,15299536,17386312,15095342,19874768,21960992,15555132,11219920,13306176,11027583,9405392,11492080,9205504,19141584,21227752,18952674,21726160,23812648,21524721,70441,2018-06-29 20:52:03,254.016,224142832,15299536,17386312,15095370,19874768,21960992,15555137,11203536,13289792,11011949,9393104,11479792,9193752,19141584,21227752,18952674,21726160,23812648,21524720
70443,2018-06-29 21:20:21,767.549,313956992,25720592,27808904,25488674,31074064,33161832,26723348,18442000,20529800,18221033,17659664,19747896,17428788,31299344,33387056,31080276,35350288,37438320,35120394,70444,2018-06-29 21:39:42,771.742,313956784,25720592,27808904,25487066,31078160,33165928,26727156,18446096,20533896,18223560,17663760,19751992,17432996,31299344,33387056,31079808,35350288,37438320,35120425
70446,2018-06-29 21:58:35,179.678,30739064,7038416,9122944,6889900,10974672,13058640,6707931,5600720,7684720,5466026,5219792,7304224,5075852,7812560,9896472,7677210,8394192,10478424,8246539,70447,2018-06-29 22:05:40,178.113,30739064,7038416,9122944,6889891,10974672,13058640,6707944,5596624,7680624,5460290,5219792,7304224,5072532,7812560,9896472,7677208,8394192,10478424,8246538
70449,2018-06-29 22:27:07,447.679,79175672,20108752,22193616,19960613,23770576,25854888,19503625,16332240,18416592,16194805,14898640,16983416,14753740,21849552,23933816,21715320,23455184,25539760,23308410,70450,2018-06-29 22:39:25,441.752,79175584,20108752,22193616,19962157,23770576,25854888,19503790,16328144,18412496,16190452,14902736,16987512,14756608,21853648,23937912,21716313,23459280,25543856,23310080
70452,2018-06-29 22:56:53,341.064,34174176,9012688,11097552,8865667,12912080,14996392,8644119,7443920,9528272,7305862,7222736,9307512,7074488,9819600,11903864,9683212,10511824,12596400,10361727,70453,2018-06-29 23:06:45,340.266,34174176,9012688,11097552,8865358,12907984,14992296,8643637,7443920,9528272,7304023,7218640,9303416,7070008,9819600,11903864,9683188,10511824,12596400,10361679
70455,2018-06-29 23:26:45,283.064,74651232,13342160,15428424,13138811,17311184,19396896,12990322,10352080,12437824,10161054,8893904,10980080,8690580,15439312,17524968,15250075,16901584,18987560,16701018,70456,2018-06-29 23:36:24,280.019,74651232,13342160,15428424,13138813,17311184,19396896,12990588,10352080,12437824,10160173,8889808,10975984,8690120,15439312,17524968,15250077,16901584,18987560,16701019
70458,2018-06-30 00:06:24,661.784,547885256,41059792,43146064,40857659,45061584,47147296,40739116,29050320,31136064,28858249,28210640,30296816,28008312,50640336,52725992,50449366,56399312,58485288,56197150,70459,2018-06-30 00:26:45,654.771,547836816,41063888,43150160,40862015,45049296,47135008,40729220,29042128,31127872,28850981,28218832,30305008,28016340,50636240,52721896,50447624,56395216,58481192,56194156
70722,2018-07-02 13:55:43,438.911,56042376,14300624,16385488,14154284,17782224,19866536,13515402,11503056,13587408,11363785,10859984,12944760,10713280,15627728,17711992,15493621,16610768,18695344,16463965,70723,2018-07-02 14:08:22,451.369,56042376,14300624,16385488,14154285,17782224,19866536,13515387,11503056,13587408,11363970,10859984,12944760,10712312,15627728,17711992,15493620,16610768,18695344,16463966
70464,2018-06-30 01:18:27,227.202,19812376,5206992,7292368,5060909,9167824,11252648,4903218,4248528,6333392,4111866,3998672,6083960,3852076,5714896,7799672,5580081,6091728,8176816,5944040,70465,2018-06-30 01:26:12,227.168,19812376,5206992,7292368,5060913,9167824,11252648,4903137,4248528,6333392,4110118,3998672,6083960,3852860,5714896,7799672,5580080,6091728,8176816,5944041
70467,2018-06-30 01:46:49,429.544,25606368,7065552,9151952,6918183,10903504,12989352,6637280,5693392,7779280,5556264,5373904,7460216,5227816,7749584,9835384,7615374,8261584,10347696,8113903,70468,2018-06-30 01:58:20,429.662,25606368,7065552,9151952,6918183,10899408,12985256,6636353,5693392,7779280,5556865,5373904,7460216,5227456,7749584,9835384,7615372,8261584,10347696,8113904
70470,2018-06-30 02:16:38,167.848,37553160,6821328,8907472,6609382,10937808,13023400,6609137,5416400,7502032,5216343,4765136,6851192,4554720,7857616,9943160,7660156,8578512,10664368,8366661,70471,2018-06-30 02:23:08,167.377,37553160,6821328,8907472,6609756,10937808,13023400,6609296,5424592,7510224,5222694,4769232,6855288,4559036,7857616,9943160,7660072,8578512,10664368,8366805
70473,2018-06-30 02:52:31,464.379,239051152,28774352,30862032,28564293,33710032,35797160,29383169,20459472,22546640,20259384,18976720,21064312,18767932,36392912,38479992,36197419,40820688,42908080,40610747,70474,2018-06-30 03:06:38,458.434,239049840,28770256,30857936,28560222,33705936,35793064,29377888,20438992,22526160,20239514,18980816,21068408,18772684,36401104,38488184,36204034,40816592,42903984,40608748
70725,2018-07-02 14:28:51,525.127,29530760,8971728,11056248,8823564,12682704,14766672,8419617,7349712,9433712,7214314,5948880,8033312,5801316,9696720,11780632,9563801,10266064,12350296,10121417,70726,2018-07-02 14:42:04,536.322,29530760,8971728,11056248,8823564,12682704,14766672,8419674,7353808,9437808,7215362,5948880,8033312,5801552,9696720,11780632,9563798,10266064,12350296,10121414
70479,2018-06-30 03:56:26,395.444,51354168,9504208,11590312,9303577,13678032,15763584,9358494,7742928,9828512,7550397,6370768,8456784,6172460,10720720,12806216,10531870,11630032,13715848,11427638,70480,2018-06-30 04:08:15,396.049,51354168,9504208,11590312,9303001,13678032,15763584,9357825,7742928,9828512,7551561,6370768,8456784,6172172,10720720,12806216,10531593,11630032,13715848,11427639
70482,2018-06-30 04:26:18,506.209,32839480,5717968,7805816,5508842,9875408,11962704,5549300,4784080,6871408,4584595,4030416,6118168,3821768,6315984,8403224,6118871,6787024,8874584,6576422,70483,2018-06-30 04:39:05,509.046,32835832,5717968,7805816,5508980,9875408,11962704,5545935,4784080,6871408,4583694,4026320,6114072,3818724,6315984,8403224,6118110,6787024,8874584,6575808
70485,2018-06-30 05:01:43,332.385,236722872,10233296,12319608,10020373,14357968,16443728,10028368,8283600,10369392,8081523,7849424,9935640,7640552,11515344,13601048,11317625,12420560,14506584,12206698,70486,2018-06-30 05:12:35,329.086,236722872,10233296,12319608,10020486,14357968,16443728,10028521,8283600,10369392,8080194,7845328,9931544,7636800,11515344,13601048,11317623,12420560,14506584,12206696
70488,2018-06-30 05:35:52,452.383,80686088,16577488,18664264,16374167,20415440,22501664,16095485,13300688,15386944,13107056,11432912,13519600,11232376,18404304,20490472,18215245,19739600,21826088,19538997,70489,2018-06-30 05:48:28,449.508,80686088,16577488,18664264,16374175,20415440,22501664,16095439,13300688,15386944,13108179,11432912,13519600,11233228,18404304,20490472,18215246,19739600,21826088,19538995
70491,2018-06-30 06:10:53,532.944,18627456,4490288,6577032,4328643,8541232,10627424,4259782,3744816,5831040,3593936,3580976,5667632,3420752,4920368,7006504,4768259,5243952,7330408,5079123,70492,2018-06-30 06:23:44,530.876,18627456,4490288,6577032,4328814,8541232,10627424,4259580,3744816,5831040,3593956,3580976,5667632,3420160,4920368,7006504,4768322,5243952,7330408,5079088
70494,2018-06-30 06:54:54,376.168,80891512,7243216,9328080,7092777,11126224,13210536,6860107,5854672,7939024,5715777,5404112,7488888,5255676,7972304,10056568,7837734,8525264,10609840,8377020,70495,2018-06-30 07:05:26,375.314,80891512,7243216,9328080,7092774,11126224,13210536,6860016,5854672,7939024,5715937,5404112,7488888,5255708,7972304,10056568,7837732,8525264,10609840,8377018
70497,2018-06-30 07:23:12,300.355,40779968,7316432,9403048,7116665,11457488,13543552,7137555,5788624,7874720,5598826,5067728,7154256,4868508,8397776,10483784,8207543,9188304,11274632,8985285,70498,2018-06-30 07:32:38,299.915,40779968,7316432,9403048,7116666,11457488,13543552,7137569,5784528,7870624,5593699,5067728,7154256,4867792,8397776,10483784,8207541,9188304,11274632,8985281
70500,2018-06-30 08:02:45,397.555,125087968,10227664,12313728,10083812,14118864,16204368,9854647,8237008,10322544,8101343,7741392,9827360,7596512,11255760,13341208,11122045,11988944,14074712,11844368,70501,2018-06-30 08:13:43,402.034,125087968,10227664,12313728,10083817,14118864,16204368,9854982,8237008,10322544,8103667,7741392,9827360,7598332,11255760,13341208,11122045,11988944,14074712,11844368
70503,2018-06-30 08:29:24,270.008,43891904,9762256,11848520,9561222,13800912,15886624,9481074,7947728,10033472,7754745,7439824,9526000,7240964,10900944,12986600,10711235,11679184,13765160,11476930,70504,2018-06-30 08:37:59,270.151,43887616,9762256,11848520,9559876,13792720,15878432,9474384,7951824,10037568,7758187,7443920,9530096,7242416,10900944,12986600,10712495,11679184,13765160,11478194
70506,2018-06-30 08:58:39,422.417,71983136,20513232,22599128,20365583,23241168,25326504,18976769,16187856,18273232,16050899,14356944,16442744,14212140,22417872,24503160,22283768,23888336,25973936,23741708,70507,2018-06-30 09:10:40,416.681,71987232,20513232,22599128,20365399,23245264,25330600,18979745,16187856,18273232,16049923,14361040,16446840,14212792,22421968,24507256,22286020,23888336,25973936,23743114
70509,2018-06-30 09:32:26,305.603,68268736,13551152,15639128,13329289,17700400,19787824,13363277,11089456,13176912,10877742,9262640,11350528,9041504,15144496,17231864,14934695,16352816,18440504,16134447,70510,2018-06-30 09:41:52,307.816,68268760,13551152,15639128,13329405,17704496,19791920,13364272,11089456,13176912,10877227,9258544,11346432,9038040,15144496,17231864,14934613,16352816,18440504,16134692
70512,2018-06-30 09:59:49,284.143,19623800,4768720,6853760,4621789,8774608,10859088,4510758,3912656,5997168,3779368,3666896,5751840,3523152,5239760,7324184,5106236,5592016,7676760,5446880,70513,2018-06-30 10:08:10,285.152,19623800,4768720,6853760,4621788,8774608,10859088,4510724,3912656,5997168,3779291,3670992,5755936,3525276,5239760,7324184,5106236,5592016,7676760,5446880
70515,2018-06-30 10:31:31,397.304,184327392,11789776,13876040,11586871,15877584,17963296,11556292,9446864,11532608,9253335,8947152,11033328,8744308,13247952,15333608,13058441,14267856,16353832,14067506,70516,2018-06-30 10:42:25,396.71,184327392,11789776,13876040,11586871,15877584,17963296,11556372,9442768,11528512,9251165,8943056,11029232,8740616,13247952,15333608,13058440,14267856,16353832,14067506
70518,2018-06-30 11:05:28,435.7,28457440,6632400,8717784,6486808,10654672,12739496,6390703,5403600,7488464,5266483,5047248,7132536,4901328,7328720,9413496,7192931,7865296,9950384,7718192,70519,2018-06-30 11:16:47,433.824,28457440,6632400,8717784,6486745,10654672,12739496,6390674,5403600,7488464,5267610,5051344,7136632,4904956,7328720,9413496,7192931,7865296,9950384,7718192
70521,2018-06-30 11:38:03,343.565,50280096,11318736,13405000,11116124,15381968,17467680,11062374,9049552,11135296,8857451,8545744,10631920,8345656,12760528,14846184,12569646,13739472,15825448,13537076,70522,2018-06-30 11:48:27,339.46,50280096,11318736,13405000,11116124,15381968,17467680,11062357,9049552,11135296,8856204,8545744,10631920,8345300,12760528,14846184,12569645,13739472,15825448,13537073
70524,2018-06-30 12:08:58,297.176,21156888,5002192,7087224,4856632,8967120,11051600,4703322,4142032,6226544,4007293,3937232,6022176,3794184,5469136,7553560,5336781,5817296,7902040,5673521,70525,2018-06-30 12:17:46,297.783,21156888,5002192,7087224,4856623,8967120,11051600,4703859,4142032,6226544,4006503,3937232,6022176,3793604,5469136,7553560,5336780,5817296,7902040,5673520
70527,2018-06-30 12:44:02,327.877,81474784,18649552,20735448,18501917,21385680,23471016,17119358,14004688,16090064,13866925,13165008,15250808,13019928,20853200,22938488,20718064,22200784,24286384,22054745,70528,2018-06-30 12:55:19,322.393,81499400,18657744,20743640,18508464,21389776,23475112,17125398,14008784,16094160,13869846,13169104,15254904,13021984,20857296,22942584,20722802,22208976,24294576,22060605
70530,2018-06-30 13:12:36,328.368,77345280,11174864,13261688,10962542,15156176,17242448,10828753,9032656,11118960,8831534,8418256,10504992,8210380,12587984,14674200,12387202,13583312,15669848,13372223,70531,2018-06-30 13:22:24,326.811,77345280,11174864,13261688,10962542,15156176,17242448,10829043,9032656,11118960,8833362,8418256,10504992,8210036,12587984,14674200,12387200,13583312,15669848,13372221
70728,2018-07-02 15:02:06,373.202,39435424,12293584,14378448,12145462,15959504,18043816,11691986,10098128,12182480,9961481,9606608,11691384,9457540,13432272,15516536,13296364,14284240,16368816,14135862,70729,2018-07-02 15:13:20,387.598,39435424,12293584,14378448,12145461,15959504,18043816,11692539,10098128,12182480,9960834,9606608,11691384,9458100,13432272,15516536,13296362,14284240,16368816,14135860
70536,2018-06-30 14:14:42,209.823,23094000,4190256,6279608,3973081,8368176,10456976,4033827,3412016,5500848,3205455,3260464,5349728,3044696,4755504,6844248,4551152,5169200,7258264,4953880,70537,2018-06-30 14:21:39,209.653,23094000,4190256,6279608,3973084,8368176,10456976,4033789,3412016,5500848,3204477,3260464,5349728,3044252,4755504,6844248,4551155,5169200,7258264,4953881
70539,2018-06-30 14:35:42,244.361,48476184,8684496,10769872,8536891,12485584,14570408,8221245,7087056,9171920,6949726,6628304,8713592,6484336,9515984,11600760,9380058,10130384,12215472,9982778,70540,2018-06-30 14:43:31,242.881,48476184,8684496,10769872,8536890,12485584,14570408,8221047,7087056,9171920,6949743,6624208,8709496,6478948,9515984,11600760,9380058,10130384,12215472,9982778
70542,2018-06-30 15:02:25,301.996,32280744,6750672,8836560,6604983,10506704,12592040,6240388,5329360,7414736,5190703,4575696,6661496,4431788,7410128,9495416,7274134,7913936,9999536,7769173,70543,2018-06-30 15:11:58,307.91,32280744,6750672,8836560,6604972,10506704,12592040,6240198,5325264,7410640,5190052,4579792,6665592,4431948,7410128,9495416,7274133,7913936,9999536,7769173
70545,2018-06-30 15:32:11,301.938,45803792,12047824,14132688,11898054,16070096,18154408,11805299,9418192,11502544,9280236,9127376,11212152,8981860,13407696,15491960,13271683,14517712,16602288,14368414,70546,2018-06-30 15:42:36,295.805,45803840,12047824,14132688,11898664,16070096,18154408,11804324,9430480,11514832,9290934,9119184,11203960,8973088,13407696,15491960,13273275,14517712,16602288,14369073
70548,2018-06-30 16:02:30,462.903,65914280,6173648,8259024,6025486,10056656,12141480,5791489,5116880,7201744,4980274,4858832,6944120,4714024,6775760,8860536,6639348,7226320,9311408,7078532,70549,2018-06-30 16:14:38,468.934,65914296,6173648,8259024,6025288,10056656,12141480,5791347,5120976,7205840,4982184,4858832,6944120,4713072,6775760,8860536,6639250,7226320,9311408,7078667
70551,2018-06-30 16:34:58,381.346,24979904,6397904,8484304,6249567,10305488,12391336,6041687,5357520,7443408,5220750,5099472,7185784,4953852,6950864,9036664,6817480,7372752,9458864,7225493,70552,2018-06-30 16:45:17,380.644,24984112,6397904,8484304,6248652,10305488,12391336,6041848,5357520,7443408,5221352,5099472,7185784,4953924,6950864,9036664,6817555,7372752,9458864,7225596
70554,2018-06-30 17:03:33,213.213,70023576,6746576,8832120,6602426,10654160,12739152,6390721,5579216,7664240,5442420,4645328,6730784,4500004,7373264,9458200,7241587,7848400,9933656,7704235,70555,2018-06-30 17:11:31,215.967,70023440,6750672,8836216,6603388,10654160,12739152,6392308,5579216,7664240,5444000,4645328,6730784,4500120,7377360,9462296,7242567,7852496,9937752,7705781
70557,2018-06-30 17:26:20,222.486,38383752,4587472,6673528,4443488,8630224,10715728,4367818,3641296,5726832,3506516,3547088,5633056,3401608,5107664,7193112,4973047,5517264,7603032,5370733,70558,2018-06-30 17:33:51,227.832,38383752,4587472,6673528,4443495,8630224,10715728,4368030,3637200,5722736,3501785,3542992,5628960,3401004,5107664,7193112,4973058,5517264,7603032,5370757
70560,2018-06-30 17:52:26,421.807,29516928,5440464,7527080,5240997,9577424,11663488,5258093,4391888,6477984,4203307,4142032,6228560,3943716,6161360,8247368,5973238,6665168,8751496,6465729,70561,2018-06-30 18:03:51,428.001,29516928,5440464,7527080,5240984,9577424,11663488,5258153,4391888,6477984,4202839,4142032,6228560,3941752,6161360,8247368,5973240,6665168,8751496,6465729
70563,2018-06-30 18:16:05,148.535,21180632,5874640,7960024,5724806,9860048,11944872,5595201,4862928,6947792,4726232,3953616,6038904,3808640,6398928,8483704,6261198,6812624,8897712,6666541,70564,2018-06-30 18:22:10,152.902,21180632,5874640,7960024,5724806,9860048,11944872,5595188,4858832,6943696,4723187,3953616,6038904,3807932,6398928,8483704,6261199,6812624,8897712,6666541
70566,2018-06-30 18:53:41,920.727,233398120,7307536,9396112,7138480,11190544,13278568,6904621,5959952,8048008,5801203,5558544,7647024,5390740,8007952,10095920,7852759,8528144,10616432,8360465,70567,2018-06-30 19:14:27,920.435,233398296,7307536,9396112,7138050,11190544,13278568,6903363,5955856,8043912,5799704,5554448,7642928,5390328,8007952,10095920,7852170,8528144,10616432,8360057
70569,2018-06-30 19:34:44,301.229,33467632,9848272,11932792,9702908,13661648,15745616,9397424,7968208,10052208,7834409,7505360,9589792,7360100,10831312,12915224,10697473,11544016,13628248,11399336,70570,2018-06-30 19:43:35,297.199,33467632,9848272,11932792,9702909,13661648,15745616,9397413,7968208,10052208,7834319,7501264,9585696,7358984,10831312,12915224,10697473,11544016,13628248,11399336
70572,2018-06-30 20:04:30,237.222,20432176,4420560,6505936,4270800,8385488,10470312,4117774,3638224,5723088,3499074,3453904,5539192,3306780,4850640,6935416,4714950,5166032,7251120,5016831,70573,2018-06-30 20:12:18,237.726,20432176,4420560,6505936,4270810,8381392,10466216,4117068,3638224,5723088,3499425,3453904,5539192,3306360,4850640,6935416,4714948,5166032,7251120,5016830
70575,2018-06-30 20:32:06,355.151,42617448,12173776,14259320,12028430,15778256,17863248,11514730,9871824,11956848,9735145,9150928,11236384,9006128,13283792,15368728,13152041,14119376,16204632,13974418,70576,2018-06-30 20:42:49,351.366,42617448,12173776,14259320,12028430,15778256,17863248,11514724,9871824,11956848,9735743,9150928,11236384,9008860,13283792,15368728,13152042,14119376,16204632,13974417
70578,2018-06-30 20:58:53,267.356,22455968,4776912,6862288,4631238,8676304,10761128,4409398,3953616,6038480,3817977,3752912,5838200,3608760,5219280,7304056,5086219,5518288,7603376,5369730,70579,2018-06-30 21:07:30,273.051,22455968,4776912,6862288,4631105,8676304,10761128,4409904,3953616,6038480,3818001,3757008,5842296,3609496,5219280,7304056,5086194,5518288,7603376,5369708
71950,2018-07-03 15:56:30,435.237,50711208,14632720,16719752,14463288,18179856,20266344,13891750,11810576,13897096,11650524,11179792,13266736,11013344,16066320,18152752,15908036,17090320,19177072,16919857,71951,2018-07-03 16:09:39,464.518,50711208,14632720,16719752,14463282,18179856,20266344,13891837,11810576,13897096,11651269,11179792,13266736,11009872,16066320,18152752,15908035,17090320,19177072,16919856
73079,2018-07-04 10:57:01,705.332,25644560,8171472,10257536,8027104,12099536,14185040,7835767,6664144,8749680,6529711,5332944,7418912,5188692,8953808,11039256,8822245,9605072,11690840,9461097,73096,2018-07-04 11:13:08,716.668,25644560,8171472,10257536,8027096,12099536,14185040,7835807,6664144,8749680,6530548,5332944,7418912,5188268,8953808,11039256,8822250,9605072,11690840,9461108
70587,2018-06-30 22:39:43,422.947,126856688,14542288,16628552,14340660,19391952,21477664,15073249,10634704,12720448,10441879,10057168,12143344,9854820,17737168,19822824,17548005,19969488,22055464,19765809,70588,2018-06-30 22:52:24,425.044,126856664,14542288,16628552,14340987,19396048,21481760,15073466,10655184,12740928,10460681,10069456,12155632,9868484,17737168,19822824,17548181,19969488,22055464,19766239
73193,2018-07-04 12:47:20,170.093,24332048,5379024,7464056,5231104,9323472,11407952,5060302,4391888,6476400,4256691,4096976,6181920,3952448,5899216,7983640,5764591,6263760,8348504,6118206,73198,2018-07-04 12:54:03,168.989,24332048,5379024,7464056,5231102,9323472,11407952,5060253,4391888,6476400,4256540,4096976,6181920,3953392,5899216,7983640,5764592,6263760,8348504,6118206
70593,2018-06-30 23:44:18,599.838,35856696,8523728,10609784,8379468,12177360,14262864,7915437,6864848,8950384,6731106,5459920,7545888,5315936,9375696,11461144,9243246,10026960,12112728,9881778,70594,2018-06-30 23:58:38,600.541,35856696,8523728,10609784,8379474,12177360,14262864,7915359,6864848,8950384,6729740,5464016,7549984,5319280,9375696,11461144,9243248,10026960,12112728,9881779
70596,2018-07-01 00:19:51,428.262,64859424,18817488,20903376,18670958,21901776,23987112,17637989,14836176,16921552,14698141,12423632,14509432,12277448,20648400,22733688,20513136,22073808,24159408,21925831,70597,2018-07-01 00:31:52,423.085,64859424,18817488,20903376,18670959,21901776,23987112,17637944,14836176,16921552,14699384,12423632,14509432,12276520,20648400,22733688,20513136,22073808,24159408,21925831
70599,2018-07-01 00:47:32,213.698,30648472,4988880,7075280,4842864,8900560,10986408,4635132,4177872,6263760,4041674,4001744,6088056,3854980,5410768,7496568,5276952,5717968,7804080,5572705,70600,2018-07-01 00:54:36,214.172,30648472,4988880,7075280,4842415,8900560,10986408,4635285,4177872,6263760,4041844,4001744,6088056,3855880,5410768,7496568,5276975,5717968,7804080,5572624
70602,2018-07-01 01:15:52,295.521,263254432,9614288,11699664,9466457,13382608,15467432,9116498,7881680,9966544,7742974,7332816,9418104,7186188,10515408,12600184,10379273,11174864,13259952,11026018,70603,2018-07-01 01:26:33,295.346,263254112,9614288,11699664,9466508,13382608,15467432,9115917,7873488,9958352,7738095,7332816,9418104,7187336,10515408,12600184,10379058,11174864,13259952,11025783
70605,2018-07-01 01:43:50,242.506,42947584,10315216,12400080,10168541,13784528,15868840,9519625,8193488,10277840,8056198,6931920,9016696,6785740,11318736,13403000,11181757,12084688,14169264,11936199,70606,2018-07-01 01:51:55,240.661,42947584,10315216,12400080,10168542,13784528,15868840,9520017,8193488,10277840,8056453,6931920,9016696,6785752,11318736,13403000,11181755,12084688,14169264,11936199
70608,2018-07-01 02:12:21,358.239,30006920,8405456,10491352,8257105,12263888,14349224,7998160,6922704,9008080,6785085,5829072,7914872,5682096,9109968,11195256,8974528,9667024,11752624,9520551,70609,2018-07-01 02:22:15,358.285,30006920,8405456,10491352,8257056,12263888,14349224,7998272,6922704,9008080,6784555,5829072,7914872,5682460,9109968,11195256,8974511,9667024,11752624,9520485
70611,2018-07-01 02:41:43,457.752,29809856,7066896,9154096,6899412,10827024,12913672,6543810,5629200,7715880,5472452,4949264,7036376,4784688,7791888,9878480,7638994,8344848,10431760,8179066,70612,2018-07-01 02:53:59,458.552,29809856,7066896,9154096,6899412,10827024,12913672,6543886,5629200,7715880,5474849,4949264,7036376,4782152,7791888,9878480,7638991,8344848,10431760,8179064
70719,2018-07-02 12:24:24,562.852,51528288,8291600,10380592,8059476,12432656,14521096,8082962,6599952,8688424,6379475,5276944,7365848,5045096,9610512,11698896,9388720,10552592,12641296,10319564,70720,2018-07-02 12:37:38,559.721,51528288,8291600,10380592,8059475,12432656,14521096,8083025,6599952,8688424,6379131,5281040,7369944,5050516,9610512,11698896,9388719,10552592,12641296,10319563
70617,2018-07-01 03:39:54,263.654,41195144,8652240,10736760,8505037,12379600,14463568,8116359,7062992,9146992,6928651,6653392,8737824,6510340,9446864,11530776,9314358,10028496,12112728,9882695,70618,2018-07-01 03:48:37,262.306,41195144,8652240,10736760,8505036,12379600,14463568,8116366,7062992,9146992,6929126,6653392,8737824,6510056,9446864,11530776,9314358,10028496,12112728,9882743
70620,2018-07-01 04:15:25,685.267,19635184,4838352,6923384,4694191,8868816,10953296,4604514,3953616,6038128,3818513,3761104,5846048,3616112,5309392,7393816,5175424,5669840,7754584,5525638,70621,2018-07-01 04:31:02,685.79,19635184,4838352,6923384,4694192,8868816,10953296,4604197,3953616,6038128,3818471,3757008,5841952,3615056,5309392,7393816,5175415,5669840,7754584,5525637
70623,2018-07-01 04:47:55,196.058,30533008,6782928,8868984,6640306,10674128,12759632,6412271,5398480,7484016,5265483,5029840,7115808,4887272,7495632,9581080,7362056,8003536,10089304,7857423,70624,2018-07-01 04:55:09,195.013,30533008,6782928,8868984,6640306,10674128,12759632,6412364,5398480,7484016,5265778,5029840,7115808,4886376,7495632,9581080,7362056,8003536,10089304,7857423
70626,2018-07-01 05:19:38,409.029,32680456,5882832,7969448,5681263,9958352,12044416,5638427,4821968,6908064,4629743,3986384,6072912,3787688,6554576,8640584,6366298,7062480,9148808,6860636,70627,2018-07-01 05:31:04,413.523,32680456,5882832,7969448,5681263,9958352,12044416,5638571,4821968,6908064,4629219,3990480,6077008,3790776,6554576,8640584,6366299,7062480,9148808,6860616
70629,2018-07-01 05:49:37,268.363,128257880,4051408,6136952,3904429,8069584,10154576,3805824,3346896,5431920,3212225,3219920,5305376,3076340,4424144,6509080,4291104,4706768,6792024,4561107,70630,2018-07-01 05:58:43,268.649,128257880,4051408,6136952,3904429,8069584,10154576,3805887,3346896,5431920,3212242,3219920,5305376,3076836,4424144,6509080,4291108,4706768,6792024,4561110
70632,2018-07-01 06:23:58,363.733,35885528,8557008,10642896,8410218,12108240,14193576,7840741,6906320,8991696,6768212,5992912,8078712,5846324,9363920,11449208,9229060,9961936,12047536,9815470,70633,2018-07-01 06:34:44,363.553,35885528,8557008,10642896,8410222,12108240,14193576,7840899,6906320,8991696,6767969,5992912,8078712,5847120,9363920,11449208,9229056,9961936,12047536,9815470
70635,2018-07-01 06:53:59,392.671,50388088,10638288,12723320,10493215,14058448,16142928,9795750,8209360,10293872,8073284,6771664,8856608,6624620,11776976,13861400,11642388,12514256,14599000,12368732,70636,2018-07-01 07:05:15,393.027,50388088,10638288,12723320,10493354,14058448,16142928,9796021,8205264,10289776,8070716,6767568,8852512,6624280,11776976,13861400,11642290,12514256,14599000,12368876
70638,2018-07-01 07:24:44,300.174,38688296,10524112,12608632,10376624,14157264,16241232,9892044,8529360,10613360,8392447,7861712,9946144,7715316,11478480,13562392,11345563,12195280,14279512,12048146,70639,2018-07-01 07:34:17,299.004,38688296,10524112,12608632,10376624,14157264,16241232,9892118,8525264,10609264,8390557,7861712,9946144,7717680,11478480,13562392,11345561,12195280,14279512,12048144
70641,2018-07-01 08:05:03,763.191,28263672,7259088,9344464,7111944,10847184,12932008,6581909,5784528,7869392,5649181,5436368,7521656,5290804,7955408,10040184,7819142,8438736,10523824,8292899,70642,2018-07-01 08:27:42,761.565,28263672,7259088,9344464,7111949,10847184,12932008,6581343,5784528,7869392,5647944,5436368,7521656,5291184,7955408,10040184,7819135,8438736,10523824,8292878
70644,2018-07-01 08:45:45,289.795,281866936,12088272,14173648,11939562,15381456,17466280,11113885,9585616,11670480,9449064,8098768,10184056,7951704,13202384,15287160,13065407,14099408,16184496,13952442,70645,2018-07-01 08:55:17,291.288,281866936,12088272,14173648,11939567,15381456,17466280,11113741,9585616,11670480,9448861,8098768,10184056,7952884,13202384,15287160,13065407,14099408,16184496,13952442
70647,2018-07-01 09:17:24,296.731,23317520,5759952,7845328,5611663,9769936,11854760,5505918,4735952,6820816,4600510,3965904,6051192,3818620,6329296,8414072,6192549,6783952,8869040,6635719,70648,2018-07-01 09:26:13,301.908,23317520,5759952,7845328,5611662,9769936,11854760,5505721,4740048,6824912,4601676,3961808,6047096,3816944,6329296,8414072,6192548,6783952,8869040,6635719
70650,2018-07-01 09:41:06,204.658,59878344,10346448,12434248,10146028,14487504,16574752,10168190,8138704,10225984,7946636,6430672,8518384,6229692,11931600,14018792,11743971,13066192,15153704,12865899,70651,2018-07-01 09:48:52,208.018,59878344,10346448,12434248,10146025,14487504,16574752,10168151,8146896,10234176,7954216,6426576,8514288,6226640,11931600,14018792,11743971,13066192,15153704,12864714
70653,2018-07-01 10:10:51,250.435,21897032,4772816,6858192,4626548,8713168,10797992,4448158,3871696,5956560,3732370,3077072,5162360,2929848,5219280,7304056,5085492,5592016,7677104,5443353,70654,2018-07-01 10:18:35,250.084,21897032,4772816,6858192,4626548,8713168,10797992,4448068,3867600,5952464,3731228,3077072,5162360,2929200,5219280,7304056,5085494,5592016,7677104,5443353
70656,2018-07-01 10:33:12,266.342,41499920,7910352,9996968,7710677,11973584,14059648,7656085,6382544,8468640,6193484,5948368,8034896,5750428,8893392,10979400,8706433,9585616,11671944,9383407,70657,2018-07-01 10:41:25,266.501,41499920,7910352,9996968,7710677,11973584,14059648,7655983,6378448,8464544,6188711,5948368,8034896,5748008,8893392,10979400,8706433,9585616,11671944,9383407
70659,2018-07-01 11:07:55,569.711,37710296,9068816,11157392,8900335,12648720,14736744,8361511,7209232,9297288,7053047,6197520,8286000,6030664,9990416,12078384,9834481,10682640,12770928,10515624,70660,2018-07-01 11:22:33,567.096,37710296,9068816,11157392,8900332,12648720,14736744,8361456,7209232,9297288,7052573,6197520,8286000,6029208,9990416,12078384,9834480,10682640,12770928,10515622
70662,2018-07-01 11:47:55,343.456,35964488,9777104,11863160,9631188,13873104,15958608,9610739,7749584,9835120,7615997,6848464,8934432,6706320,10870736,12956184,10737793,11784144,13869912,11638265,70663,2018-07-01 11:57:52,341.948,35964488,9777104,11863160,9630751,13873104,15958608,9610538,7749584,9835120,7615604,6848464,8934432,6707268,10870736,12956184,10737819,11784144,13869912,11638286
70712,2018-07-02 11:29:43,303.094,20377240,4448208,6534616,4303656,8429520,10515368,4163155,3633104,5718992,3497156,3444688,5531000,3298948,4906960,6992760,4772852,5234640,7320752,5089776,70714,2018-07-02 11:40:06,284.615,20377240,4448208,6534616,4303655,8425424,10511272,4163052,3633104,5718992,3497198,3444688,5531000,3299364,4906960,6992760,4772852,5234640,7320752,5089776
70668,2018-07-01 13:01:55,474.309,60663376,14574032,16659920,14426272,18112976,20198312,13849182,11784656,13870032,11649918,11166160,13251960,11019972,15892944,17978232,15757376,16855504,18941104,16710075,70669,2018-07-01 13:15:03,469.213,60663376,14574032,16659920,14426269,18112976,20198312,13849168,11784656,13870032,11649221,11157968,13243768,11013392,15892944,17978232,15757376,16855504,18941104,16710075
70671,2018-07-01 13:38:43,500.729,97490960,9647376,11734576,9481964,13493520,15580168,9210271,7861520,9948200,7706538,6391056,8478168,6227624,10593552,12680144,10441221,11355408,13442320,11187380,70672,2018-07-01 13:51:28,499.241,97490960,9647376,11734576,9481965,13493520,15580168,9210127,7861520,9948200,7704906,6395152,8482264,6230304,10593552,12680144,10441221,11355408,13442320,11187380
70674,2018-07-01 14:07:52,242.933,61647192,10686928,12774216,10485238,14836176,16922912,10516879,8344016,10430784,8154404,7266768,9353968,7066836,12505552,14592232,12317786,13754832,15841832,13555426,70675,2018-07-01 14:16:19,240.524,61647192,10686928,12774216,10486036,14836176,16922912,10516920,8344016,10430784,8151871,7262672,9349872,7064212,12505552,14592232,12317683,13754832,15841832,13555284
70677,2018-07-01 14:34:24,335.987,21985624,5293008,7378040,5146571,9245648,11330128,4980501,4281296,6365808,4146440,4039632,6124576,3894840,5813200,7897624,5678507,6190032,8274776,6045853,70678,2018-07-01 14:44:02,335.931,21985624,5293008,7378040,5146577,9245648,11330128,4980411,4281296,6365808,4147860,4039632,6124576,3893904,5813200,7897624,5678509,6190032,8274776,6045851
70680,2018-07-01 15:05:10,313.811,38380760,11228624,13313496,11080471,14931408,17015720,10664206,9074128,11158480,8935205,8345040,10429816,8198508,12297680,14381944,12162686,13088208,15172784,12940487,70681,2018-07-01 15:15:05,316.632,38380760,11228624,13313496,11080471,14931408,17015720,10664187,9070032,11154384,8933360,8349136,10433912,8201884,12297680,14381944,12162678,13088208,15172784,12940480
70683,2018-07-01 15:35:48,569.006,74691352,8889296,10974328,8743801,12874704,14959184,8611996,7087056,9171568,6952113,6222800,8307744,6079196,9847760,11932184,9712443,10654672,12739416,10509784,70684,2018-07-01 15:49:48,568.343,74687888,8889296,10974328,8743154,12878800,14963280,8612536,7087056,9171568,6951130,6226896,8311840,6081520,9847760,11932184,9711928,10654672,12739416,10508659
70686,2018-07-01 16:12:22,449.384,58677128,5284304,7370200,5136907,9200080,11285416,4934130,4334032,6419408,4199474,4116944,6202744,3972248,5759440,7844728,5626032,6099408,8185008,5952433,70687,2018-07-01 16:23:26,445.333,58677128,5284304,7370200,5136908,9200080,11285416,4934177,4338128,6423504,4199817,4116944,6202744,3971676,5759440,7844728,5626032,6099408,8185008,5952433
70689,2018-07-01 16:40:06,392.19,33394208,7362000,9446864,7215211,11163088,13247400,6896153,6125008,8209360,5987099,5027280,7112056,4879244,7984592,10068856,7850454,8504784,10589360,8355337,70690,2018-07-01 16:50:36,393.213,33394208,7362000,9446864,7215204,11163088,13247400,6896004,6125008,8209360,5986651,5027280,7112056,4879080,7984592,10068856,7850453,8504784,10589360,8355336
70692,2018-07-01 17:18:37,791.022,36425736,9996048,12083080,9826383,13428496,15514984,9140148,8009488,10096008,7852065,6899472,8986416,6730224,10938128,13024560,10782126,11683600,13770352,11513438,70693,2018-07-01 17:36:25,794.335,36425736,9996048,12083080,9826384,13428496,15514984,9140134,8009488,10096008,7851554,6895376,8982320,6727524,10938128,13024560,10782100,11683600,13770352,11513381
70695,2018-07-01 17:56:45,167.917,35210520,7599568,9684432,7451883,11204048,13288360,6939457,6075856,8160208,5939023,5314000,7398776,5167484,8328656,10412920,8191597,8857040,10941616,8711407,70696,2018-07-01 18:03:42,171.176,35210520,7599568,9684432,7451865,11204048,13288360,6939461,6075856,8160208,5939016,5314000,7398776,5166332,8328656,10412920,8191592,8857040,10941616,8711403
70698,2018-07-01 18:21:10,308.337,32069416,7652304,9737680,7502724,11686864,13771688,7422233,6079440,8164304,5942099,5907408,7992696,5760772,8504272,10589048,8370530,9233360,11318448,9084260,70699,2018-07-01 18:31:05,308.873,32069416,7652304,9737680,7502768,11686864,13771688,7422616,6083536,8168400,5946079,5907408,7992696,5761856,8504272,10589048,8370572,9233360,11318448,9084299
70701,2018-07-01 18:46:55,295.78,32993296,10773968,12858832,10626611,14501328,16585640,10234972,8787408,10871760,8649806,7124432,9209208,6979000,11720144,13804408,11584869,12436944,14521520,12289115,70702,2018-07-01 18:55:51,294.642,32993296,10773968,12858832,10626607,14501328,16585640,10234972,8787408,10871760,8649280,7124432,9209208,6977596,11720144,13804408,11584868,12436944,14521520,12289115
70704,2018-07-01 19:16:19,459.071,88381808,23717328,25801848,23569529,26117584,28201552,21854504,18802128,20886128,18664738,17192400,19276832,17047496,25826768,27910680,25694077,27440592,29524824,27294618,70705,2018-07-01 19:30:05,455.685,88377800,23721424,25805944,23573213,26125776,28209744,21861907,18802128,20886128,18668025,17192400,19276832,17047908,25834960,27918872,25699037,27448784,29533016,27299976
70707,2018-07-01 19:47:19,323.387,117018256,9900496,11986040,9754818,13820368,15905360,9556219,8049104,10134128,7915099,7459280,9544736,7315332,10883536,12968472,10752094,11620816,13706072,11476797,70708,2018-07-01 19:57:11,322.47,117018904,9904592,11990136,9757450,13820368,15905360,9555778,8053200,10138224,7917013,7459280,9544736,7315504,10887632,12972568,10753552,11624912,13710168,11478344
71838,2018-07-03 11:19:59,272.97,25812608,5853136,7939192,5706683,9654224,11739728,5389777,4657104,6742640,4523156,4005840,6091808,3863296,6447056,8532504,6316906,6918096,9003864,6776051,71848,2018-07-03 11:27:53,221.901,25812608,5853136,7939192,5706682,9650128,11735632,5389091,4657104,6742640,4523291,4001744,6087712,3859012,6447056,8532504,6316906,6918096,9003864,6776051
71947,2018-07-03 14:47:51,425.533,62683752,6524880,8610936,6378575,10252240,12337744,5988583,5263312,7348848,5131178,4566992,6652960,4423340,7139280,9224728,7006988,7610320,9696088,7467170,71948,2018-07-03 14:58:54,423.02,62683752,6524880,8610936,6378574,10252240,12337744,5988518,5267408,7352944,5132212,4562896,6648864,4422060,7139280,9224728,7006987,7610320,9696088,7467169
71964,2018-07-03 17:00:56,427.294,147504080,20009424,22094968,19862973,23769552,25854544,19507986,15253968,17338992,15119430,14799312,16884768,14653836,22196688,24281624,22065671,24232400,26317656,24087425,71980,2018-07-03 17:13:31,417.87,147504080,20009424,22094968,19862612,23769552,25854544,19507872,15258064,17343088,15121847,14803408,16888864,14660556,22196688,24281624,22065779,24232400,26317656,24087531
71992,2018-07-03 17:25:11,112.47,21108528,4109264,6196088,3896581,8287184,10373456,3957958,3392464,5478768,3192029,3236816,5323552,3028152,4608976,6695192,4412135,4977616,7064152,4764948,71999,2018-07-03 17:30:16,117.788,21108528,4109264,6196088,3896580,8287184,10373456,3957981,3392464,5478768,3190888,3232720,5319456,3021828,4608976,6695192,4412135,4977616,7064152,4764948
72018,2018-07-03 17:48:51,336.148,34325536,9917392,12002424,9770968,13550544,15635024,9288218,7971792,10056304,7835906,6054864,8139808,5910700,10863568,12947992,10732653,11674576,13759320,11530258,72025,2018-07-03 17:59:21,341.961,34325536,9917392,12002424,9770969,13550544,15635024,9288236,7971792,10056304,7836914,6054864,8139808,5911124,10863568,12947992,10732655,11674576,13759320,11530261
72048,2018-07-03 18:18:48,263.033,29194672,8127952,10212472,7981108,11986384,14070352,7723029,6657488,8741488,6523174,6288848,8373280,6146136,8889808,10973720,8756572,9446864,11531096,9301987,72056,2018-07-03 18:27:17,261.443,29194672,8127952,10212472,7981109,11986384,14070352,7723042,6657488,8741488,6522887,6288848,8373280,6146212,8889808,10973720,8756592,9446864,11531096,9301995
72078,2018-07-03 18:46:09,244.195,23808552,5137872,7222744,4991046,9197008,11281320,4933045,4236752,6321104,4099149,3474896,5559672,3327264,5641680,7725944,5507736,6059472,8144048,5910301,72088,2018-07-03 18:54:09,249.577,23808552,5137872,7222744,4991041,9197008,11281320,4933009,4236752,6321104,4099247,3474896,5559672,3327260,5641680,7725944,5507734,6059472,8144048,5910300
72118,2018-07-03 19:22:27,603.189,77371504,5404432,7491120,5234932,9381648,11467784,5095571,4478736,6564904,4320746,4241168,6327768,4073004,5945104,8031184,5791158,6334224,8420624,6167213,72133,2018-07-03 19:36:36,591.96,77367496,5400336,7487024,5233762,9381648,11467784,5095818,4478736,6564904,4320818,4237072,6323672,4072440,5945104,8031184,5791298,6334224,8420624,6166741
72152,2018-07-03 19:56:14,512.312,171305464,16200144,18286032,16052875,19722704,21808040,15458274,13197776,15283152,13061573,11313616,13399416,11166672,17658320,19743608,17522956,18743760,20829360,18598839,72167,2018-07-03 20:09:27,514.782,171305360,16196048,18281936,16050605,19722704,21808040,15458060,13197776,15283152,13062466,11321808,13407608,11175180,17658320,19743608,17522825,18743760,20829360,18599039
72188,2018-07-03 20:30:42,429.376,402357016,11715024,13800912,11568092,15409616,17494952,11143571,9474512,11559888,9336580,8950224,11036024,8804612,12816848,14902136,12680810,13599184,15684784,13452534,72200,2018-07-03 20:45:16,434.767,402355936,11710928,13796816,11563719,15401424,17486760,11135278,9470416,11555792,9333128,8946128,11031928,8801992,12812752,14898040,12677382,13599184,15684784,13450727
72248,2018-07-03 21:35:04,148.239,41223680,4764624,6849656,4619823,8778704,10863184,4513565,3929040,6013552,3794793,3752912,5837856,3607604,5223376,7307800,5088095,5546960,7631704,5400735,72255,2018-07-03 21:40:54,148.198,41223680,4764624,6849656,4619823,8778704,10863184,4513606,3929040,6013552,3794758,3748816,5833760,3603352,5223376,7307800,5088095,5546960,7631704,5400735
72272,2018-07-03 21:58:21,310.072,45792832,7638992,9725056,7493284,11296720,13382224,7031549,6082512,8168048,5948515,5222352,7308320,5076572,8400848,10486296,8266196,8933328,11019096,8788075,72281,2018-07-03 22:07:24,311.135,45792832,7638992,9725056,7493283,11296720,13382224,7031588,6086608,8172144,5949706,5222352,7308320,5076376,8400848,10486296,8266197,8933328,11019096,8788075
72296,2018-07-03 22:22:47,180.258,35699648,6734288,8821576,6532462,10953168,13039904,6633944,5452240,7539008,5260528,5181904,7269104,4981248,7664080,9750760,7474650,8327632,10414632,8127363,72303,2018-07-03 22:29:38,180.502,35699648,6734288,8821576,6532466,10953168,13039904,6635073,5448144,7534912,5258646,5181904,7269104,4979596,7664080,9750760,7474652,8327632,10414632,8127363
72332,2018-07-03 22:54:51,684.479,158551648,20214736,22300120,20067446,22643664,24728488,18377264,15156176,17241040,15018442,13509584,15594872,13363940,22463440,24548216,22326863,24073168,26158256,23924510,72351,2018-07-03 23:11:46,684.647,158549864,20210640,22296024,20063842,22639568,24724392,18375330,15156176,17241040,15020371,13517776,15603064,13370172,22463440,24548216,22328216,24073168,26158256,23924097
72375,2018-07-03 23:30:49,235.482,87749576,13645264,15731528,13443548,17614288,19700000,13293602,10286544,12372288,10092464,9074128,11160304,8872728,16557520,18643176,16365624,18421200,20507176,18217525,72383,2018-07-03 23:39:37,232.446,87749576,13645264,15731528,13443547,17614288,19700000,13293541,10290640,12376384,10099751,9053648,11139824,8853652,16557520,18643176,16365665,18421200,20507176,18217583
72405,2018-07-03 23:59:31,223.051,95643456,3921360,6007624,3718827,8021456,10107168,3703055,3216848,5302592,3025736,3077584,5163760,2877592,4412880,6498536,4222097,4761040,6847016,4558790,72415,2018-07-04 00:07:20,228.218,95643456,3921360,6007624,3718826,8021456,10107168,3703057,3216848,5302592,3025784,3077584,5163760,2877592,4412880,6498536,4222097,4761040,6847016,4558789
73158,2018-07-04 12:12:42,613.375,44066496,8319952,10406776,8107667,12444624,14530896,8113954,6759376,8845680,6558248,5526480,7613216,5317204,9380816,11467032,9182113,10171344,12257880,9959677,73172,2018-07-04 12:27:01,591.644,44066496,8319952,10406776,8107684,12444624,14530896,8114095,6759376,8845680,6558291,5526480,7613216,5317040,9380816,11467032,9182113,10171344,12257880,9959677
72458,2018-07-04 00:54:33,169.754,19710248,4501456,6587512,4354682,8372176,10457680,4109911,3661776,5747312,3525761,3219408,5305376,3074424,4935632,7021080,4804090,5267408,7353176,5123938,72468,2018-07-04 01:01:16,170.168,19710248,4501456,6587512,4354418,8372176,10457680,4108860,3661776,5747312,3525759,3215312,5301280,3073024,4935632,7021080,4803983,5267408,7353176,5124008
72495,2018-07-04 01:28:48,376.689,349815656,10474448,12559480,10329884,14279632,16364112,10015428,8479696,10564208,8343943,7873488,9958432,7729092,11457488,13541912,11322467,12194768,14279512,12049054,72511,2018-07-04 01:41:32,376.601,349815544,10478544,12563576,10330903,14283728,16368208,10018508,8483792,10568304,8350012,7873488,9958432,7730632,11457488,13541912,11322898,12198864,14283608,12050706
72529,2018-07-04 01:59:09,219.714,40572568,3871696,5956728,3724064,7893968,9978448,3631179,3212240,5296752,3075610,2728912,4813856,2584292,4232144,6316568,4098019,4482000,6566744,4338066,72537,2018-07-04 02:06:09,220.432,40572128,3871696,5956728,3725185,7893968,9978448,3632079,3212240,5296752,3077019,2728912,4813856,2582756,4232144,6316568,4098001,4482000,6566744,4338489
72560,2018-07-04 02:31:02,565.168,142745056,8360912,10447528,8158671,12370896,14456960,8050656,6849488,8935584,6658370,5710800,7797328,5512268,9323472,11409480,9133119,10019792,12106120,9819962,72574,2018-07-04 02:45:25,563.952,142744704,8360912,10447528,8158429,12366800,14452864,8049953,6849488,8935584,6657740,5710800,7797328,5512328,9323472,11409480,9133255,10019792,12106120,9819812
72603,2018-07-04 03:11:15,840.585,57269968,10571728,12659576,10361675,14548944,16636240,10220530,8339408,10426736,8137891,7208912,9296672,6998732,12185552,14272792,11988164,13307856,15395416,13096690,72622,2018-07-04 03:29:59,837.467,57269968,10571728,12659576,10361676,14548944,16636240,10220432,8339408,10426736,8140735,7208912,9296672,7000488,12185552,14272792,11988164,13307856,15395416,13096723
72653,2018-07-04 03:57:05,414.125,66023888,19002320,21087352,18857820,22008784,24093264,17746841,14902224,16986736,14766844,13206480,15291424,13063788,20931536,23015960,20797078,22414288,24499032,22268547,72663,2018-07-04 04:09:46,407.654,66023888,19002320,21087352,18857818,22008784,24093264,17746799,14910416,16994928,14774120,13210576,15295520,13065408,20931536,23015960,20797029,22414288,24499032,22268492
72685,2018-07-04 04:30:25,378.875,59453520,13914576,16000464,13766588,17555920,19641256,13292430,10535376,12620752,10399728,9322960,11408760,9176980,15372752,17458040,15236014,16785872,18871472,16637450,72697,2018-07-04 04:42:05,378.933,59453472,13914576,16000464,13765865,17555920,19641256,13292275,10535376,12620752,10397430,9318864,11404664,9173816,15368656,17453944,15234073,16785872,18871472,16637361
72714,2018-07-04 05:02:19,358.181,16794640,3843536,5928400,3694184,7874000,9958312,3608442,3171792,5256144,3034368,3036624,5121400,2888548,4220368,6304632,4082963,4511184,6595760,4362796,72725,2018-07-04 05:12:01,358.705,16794640,3843536,5928400,3694187,7874000,9958312,3608473,3171792,5256144,3033494,3036624,5121400,2887884,4220368,6304632,4082963,4511184,6595760,4362796
72753,2018-07-04 05:39:32,332.135,43701104,11653072,13739128,11507164,15200208,17285712,10936986,9334736,11420272,9203000,8855504,10941472,8711968,12840912,14926360,12710655,13676496,15762264,13530771,72764,2018-07-04 05:49:06,328.273,43701104,11653072,13739128,11507179,15200208,17285712,10937035,9338832,11424368,9204963,8855504,10941472,8711820,12840912,14926360,12710656,13676496,15762264,13530771
72784,2018-07-04 06:13:56,447.156,147525664,19624912,21710288,19477710,23397328,25482152,19131535,14939088,17023952,14802970,14361552,16446840,14216596,21779408,23864184,21642284,23684048,25769136,23536837,72799,2018-07-04 06:28:03,438.88,147525664,19624912,21710288,19477735,23397328,25482152,19131055,14934992,17019856,14797027,14365648,16450936,14218288,21779408,23864184,21642378,23684048,25769136,23536877
72820,2018-07-04 06:47:02,259.769,44620096,12473296,14558672,12324398,15762384,17847208,11497363,9905104,11989968,9769265,8496080,10581368,8348652,13702096,15786872,13564780,14615504,16700592,14466074,72830,2018-07-04 06:55:38,255.781,44620096,12473296,14558672,12324399,15762384,17847208,11497217,9913296,11998160,9774412,8491984,10577272,8344560,13702096,15786872,13564780,14615504,16700592,14466074
72860,2018-07-04 07:27:35,1001.68,56889856,11136976,13224832,10924409,15204304,17291600,10876790,9068496,11155824,8867980,7344080,9431840,7134780,12459984,14547224,12263009,13434832,15522392,13225212,72884,2018-07-04 07:49:46,1000.43,56889856,11136976,13224832,10924399,15204304,17291600,10876813,9068496,11155824,8868864,7344080,9431840,7134984,12459984,14547224,12263161,13434832,15522392,13225174
72909,2018-07-04 08:13:13,373.765,35018640,9773008,11859408,9624735,13336528,15422376,9071366,7966672,10052560,7829346,6168528,8254840,6021660,10600400,12686200,10467159,11296720,13382832,11148125,72921,2018-07-04 08:23:29,372.789,35018640,9773008,11859408,9624622,13336528,15422376,9072024,7962576,10048464,7828458,6168528,8254840,6022056,10600400,12686200,10467220,11296720,13382832,11148078
72947,2018-07-04 08:46:31,480.925,168844656,15381968,17466488,15235562,18748880,20832848,14486090,12498384,14582384,12364605,11896272,13980704,11752720,16758224,18842136,16625670,17778128,19862360,17632427,72964,2018-07-04 09:01:15,550.691,168844656,15381968,17466488,15235564,18748880,20832848,14486030,12502480,14586480,12365500,11896272,13980704,11752688,16758224,18842136,16625670,17778128,19862360,17632427
72999,2018-07-04 09:32:08,714.035,78298104,6506032,8592264,6341355,10430000,12515680,6150831,5363248,7448960,5211505,5056048,7142192,4896296,7120432,9206056,6970419,7587376,9673320,7423207,73012,2018-07-04 09:48:10,706.983,78298744,6501936,8588168,6339853,10430000,12515680,6150158,5363248,7448960,5210355,5056048,7142192,4894544,7120432,9206056,6968940,7583280,9669224,7421245
73243,2018-07-04 16:23:45,324.085,83106256,13877712,15965000,13674065,17961424,20048160,13641907,10756560,12843328,10564254,9269712,11356912,9069336,16306640,18393320,16118969,17969616,20056616,17767840,73244,2018-07-04 16:34:07,320.591,83106256,13877712,15965000,13674066,17961424,20048160,13641890,10756560,12843328,10563951,9273808,11361008,9071500,16306640,18393320,16118966,17969616,20056616,17767839
74279,2018-07-05 11:47:31,465.113,30140712,6120912,8207224,5910854,10208720,12294480,5878662,5047760,7133552,4846673,4797904,6884120,4588464,6845904,8931608,6645098,7374288,9460312,7163327,74289,2018-07-05 11:59:42,460.222,30140712,6125008,8211320,5910861,10208720,12294480,5878718,5047760,7133552,4847959,4797904,6884120,4588880,6845904,8931608,6645100,7374288,9460312,7163326
74523,2018-07-06 15:01:46,334.758,47000304,7807952,9894728,7604877,11969488,14055712,7647810,6075344,8161600,5885007,5252048,7338736,5053180,9110480,11196648,8921512,10048464,12134952,9844246,74525,2018-07-06 15:11:06,301.134,47000304,7807952,9894728,7604871,11969488,14055712,7647951,6079440,8165696,5886506,5252048,7338736,5053476,9110480,11196648,8921513,10048464,12134952,9844248
